Max, Mustermann, max.mustermann@example.com, maxmustermann
Maria, Müller, maria.mueller@example.com, mariamueller
Alex, Schmidt, alex.schmidt@example.com, alexschmidt
Laura, Weber, laura.weber@example.com, lauraweber
Felix, Klein, felix.klein@example.com, felixklein
Hannah, Schneider, hannah.schneider@example.com, hannahschneider
Jan, Bauer, jan.bauer@example.com, janbauer
Lena, Hoffmann, lena.hoffmann@example.com, lenahoffmann
Timo, Wagner, timo.wagner@example.com, timowagner
Sarah, Krause, sarah.krause@example.com, sarahkrause